[{"id":0,"name":"Shower","description":"Take a shower","type":"Positive","Days":"Monday,Tuesday,Wednesday,Thursday,Friday,Saturday,Sunday","Status":"No"},{"id":1,"name":"Teeth","description":"Brush teeth","type":"Positive","Days":"Monday,Tuesday,Wednesday,Thursday,Friday,Saturday,Sunday","Status":"No"},{"id":2,"name":"Sleep","description":"Sleep before 11:30 PM","type":"Positive","Days":"Monday,Tuesday,Wednesday,Thursday,Sunday","Status":"No"},{"id":3,"name":"test","description":"test","type":"Positive","Days":"Monday","Status":"No"}]